,lat,lon,stop,bike station,pharmacy,aed,attraction,theatre,tree,bush,forest,police station,hotel,dorm,cost
0,52.213879,21.087641,0,0,0,0,0,0,0,0,0,0,0,0,18744
1,52.21282,21.132526,6,0,0,0,0,0,0,0,0,0,0,0,13526
2,52.131128,21.045067,0,0,0,0,0,0,0,0,0,0,0,0,17893
3,52.193723,20.921814,7,0,0,0,0,0,0,0,0,0,0,0,16670
4,52.128559,21.007817,0,0,0,0,0,0,0,0,0,0,0,0,17893
5,52.21679,21.05084,5,0,0,0,0,0,0,0,0,0,0,0,27976
6,52.150471,21.158657,0,0,0,0,0,0,0,0,0,0,0,0,13526
7,52.190236,21.132827,2,0,0,0,0,0,0,0,0,0,0,0,13526
8,52.188304,21.015706,17,0,2,4,0,0,0,0,0,0,0,0,18744
9,52.212145,20.905582,0,0,0,0,0,0,0,0,0,0,0,0,16670
10,52.195477,21.060763,6,0,1,2,0,0,0,0,0,0,0,0,18744
11,52.138871,21.027158,2,0,1,0,0,0,0,0,0,0,0,0,17893
12,52.187198,21.104554,2,0,0,0,0,0,0,0,0,0,0,0,19236
13,52.199921,20.945856,10,0,0,0,0,0,0,0,0,0,0,0,16670
14,52.197496,20.954786,4,0,0,0,0,0,0,0,0,0,0,0,16670
15,52.145633,21.074542,0,0,0,0,0,0,0,0,0,0,0,0,19236
16,52.17046,21.044092,10,0,0,0,0,0,0,0,0,0,0,0,17893
17,52.175683,21.095656,0,0,0,0,0,0,0,0,0,0,0,0,19236
18,52.165411,21.114551,6,0,0,0,0,0,0,0,0,0,0,0,19236
19,52.216147,21.148201,5,0,0,0,0,0,0,0,0,0,0,0,13526
20,52.185911,20.887115,9,1,1,10,0,0,0,0,0,0,0,0,15296
21,52.164817,21.104058,11,0,0,0,0,0,0,0,0,0,0,0,19236
22,52.195102,21.011975,13,1,2,8,0,0,0,0,0,1,0,0,18744
23,52.198475,21.105384,0,0,0,0,0,0,0,0,0,0,0,0,13526
24,52.219266,20.992431,13,0,1,4,2,1,0,0,0,1,0,0,18673
25,52.137652,21.082221,0,0,0,0,0,0,0,0,0,0,0,0,19236
26,52.211713,21.141441,2,0,0,0,0,0,0,0,0,0,0,0,13526
27,52.204024,20.900683,12,0,0,0,0,0,0,0,0,0,0,0,16670
28,52.214677,20.897454,7,0,0,0,0,0,0,0,0,0,0,0,17378
29,52.157396,21.096123,3,0,0,0,0,0,0,0,0,0,0,0,19236
30,52.108122,21.020319,6,0,0,0,0,0,0,0,0,0,0,0,17893
31,52.120768,21.054747,0,0,0,0,0,0,0,0,0,0,0,0,17893
32,52.183678,20.975078,9,0,1,2,0,0,0,0,0,0,0,0,16670
33,52.186648,21.092356,4,0,0,0,0,0,0,0,0,0,0,0,18744
34,52.118853,21.052675,0,0,0,0,0,0,0,0,0,0,0,0,17893
35,52.159322,20.962899,4,0,0,0,0,0,0,0,0,0,0,0,16670
36,52.178599,20.942362,19,0,0,2,0,0,0,0,0,0,0,0,16670
37,52.18767,21.062489,8,0,2,4,0,0,0,0,0,0,0,0,18744
38,52.217411,21.115717,5,0,0,0,0,0,0,0,0,0,0,0,13526
39,52.172598,20.940905,18,0,0,2,0,0,0,0,0,0,0,0,16670
40,52.201826,20.867428,13,0,0,4,0,0,0,0,0,0,0,0,15296
41,52.16715,20.952835,0,0,0,0,0,0,0,0,0,0,0,0,16670
42,52.217968,20.951232,1,0,0,0,0,0,0,0,0,0,0,0,23697
43,52.150045,20.961119,3,0,0,0,0,0,0,0,0,0,0,0,16670
44,52.161509,21.014471,2,0,0,0,1,0,0,0,0,0,0,0,17893
45,52.138145,21.000895,0,0,0,0,0,0,0,0,0,0,0,0,17893
46,52.114155,21.034538,0,0,0,0,0,0,0,0,0,0,0,0,17893
47,52.13028,21.120295,2,0,0,0,0,0,0,0,0,0,0,0,19236
48,52.211882,21.035386,0,0,0,0,12,0,0,0,0,0,0,0,27976
49,52.18647,20.990102,18,0,0,0,0,0,0,0,0,0,0,0,18744
50,52.211244,21.032939,3,0,0,0,10,0,0,0,0,0,0,0,27976
51,52.138119,21.026396,1,0,1,0,0,0,0,0,0,0,0,0,17893
52,52.216,21.08399,0,0,0,0,0,0,0,0,0,0,0,0,18744
53,52.130967,21.107631,4,0,0,0,0,0,0,0,0,0,0,0,19236
54,52.193747,21.134261,5,0,0,0,0,0,0,0,0,0,0,0,13526
55,52.108143,21.07126,0,0,0,0,0,0,0,0,0,0,0,0,17893
56,52.20218,20.958468,8,0,1,2,0,0,0,0,0,0,0,0,18673
57,52.185833,20.974741,8,0,0,2,0,0,0,0,0,0,0,0,16670
58,52.177581,20.979884,8,0,1,0,0,0,0,0,0,0,0,0,16670
59,52.195454,20.912923,6,0,0,2,0,0,0,0,0,0,0,0,16670
60,52.205142,20.992143,6,0,1,0,0,0,0,0,0,0,0,0,18744
61,52.217957,20.956339,7,0,0,0,1,0,0,0,0,0,0,0,23697
62,52.208511,20.999641,10,0,1,0,1,0,0,0,0,0,0,0,18744
63,52.131785,21.137656,4,0,0,0,0,0,0,0,0,0,0,0,19236
64,52.193975,21.047609,14,0,0,0,0,0,0,0,0,0,0,0,18744
65,52.214393,20.887627,5,0,1,0,0,0,0,0,0,0,0,0,17378
66,52.217822,21.094715,7,0,0,0,0,0,0,0,0,0,0,0,18264
67,52.187698,21.021064,26,0,1,4,1,0,0,0,0,0,0,0,18744
68,52.211659,20.963734,17,0,1,0,1,0,0,0,0,0,0,0,18673
69,52.194892,21.074062,2,0,0,0,0,0,0,0,0,0,0,0,18744
70,52.213175,21.074402,4,0,0,0,0,0,0,0,0,0,0,0,18744
71,52.156246,21.104341,0,0,0,0,0,0,0,0,0,0,0,0,19236
72,52.213593,21.158683,9,0,1,0,0,0,0,0,0,0,0,0,13526
73,52.196149,20.884267,22,1,0,4,0,0,0,0,0,0,0,0,15296
74,52.189922,20.947287,3,0,0,0,0,0,0,0,0,0,0,0,16670
75,52.12513,21.064753,3,0,0,0,0,0,0,0,0,0,0,0,17893
76,52.188151,21.107578,0,0,0,0,0,0,0,0,0,0,0,0,19236
77,52.151084,20.990108,1,0,0,0,0,0,0,0,0,0,0,0,17893
78,52.195026,20.873162,16,1,0,6,0,0,0,0,0,0,0,0,15296
79,52.179766,21.067594,9,0,0,2,0,0,0,0,0,1,0,0,18744
80,52.20631,20.99514,5,0,2,0,0,0,0,0,0,0,0,0,18744
81,52.218963,20.973543,14,0,2,0,1,0,0,0,0,0,0,0,18673
82,52.125398,21.057987,0,0,0,6,0,0,0,0,0,0,0,0,17893
83,52.155125,21.109798,0,0,0,0,0,0,0,0,0,0,0,0,19236
84,52.191408,20.952393,8,0,0,2,0,0,0,0,0,0,0,0,16670
85,52.159123,21.091648,8,0,0,0,0,0,0,0,0,0,0,0,19236
86,52.106034,20.988297,0,0,0,0,0,0,0,0,0,0,0,0,17893
87,52.10667,21.09728,3,0,0,0,1,0,0,0,0,0,0,0,17893
88,52.184233,20.92218,1,0,0,0,0,0,0,0,0,0,0,0,16670
89,52.17207,21.007017,13,0,3,6,0,0,0,0,0,0,0,0,18744
90,52.179277,21.088051,4,0,0,0,0,0,0,0,0,0,0,0,19236
91,52.190446,21.038914,7,0,0,2,0,0,0,0,0,0,0,0,18744
92,52.108587,20.986502,9,0,0,0,0,0,0,0,0,0,0,0,17893
93,52.217335,20.92522,1,0,0,0,0,0,0,0,0,0,0,0,23697
94,52.169438,20.988789,6,0,0,2,0,0,0,0,0,0,0,0,17893
95,52.214934,20.930209,1,0,0,0,0,0,0,0,0,0,0,0,23697
96,52.200805,21.118681,4,0,0,0,0,0,0,0,0,0,0,0,13526
97,52.176059,20.937085,17,0,0,2,0,0,0,0,0,0,0,0,16670
98,52.181043,21.090184,4,0,0,0,0,0,0,0,0,0,0,0,18744
99,52.198701,20.874983,16,0,0,6,0,0,0,0,0,0,0,0,15296
100,52.110242,21.014854,6,0,0,0,0,0,0,0,0,0,0,0,17893
101,52.157096,21.052835,15,0,1,0,0,0,0,0,0,0,0,0,17893
102,52.168094,21.065537,9,0,0,0,0,0,0,0,0,0,0,0,19236
103,52.187895,21.043087,13,0,0,2,0,0,0,0,0,0,0,0,18744
104,52.190711,21.056264,7,0,1,0,0,0,0,0,0,0,0,0,18744
105,52.182241,21.051094,18,0,1,6,0,0,0,0,0,0,0,0,18744
106,52.143829,21.054668,14,0,2,6,0,0,0,0,0,0,0,0,17893
107,52.14702,21.018322,9,0,2,4,0,0,0,0,0,0,0,0,17893
108,52.149825,21.123162,0,0,0,0,0,0,0,0,0,0,0,0,19236
109,52.171854,21.099433,0,0,0,0,0,0,0,0,0,0,0,0,19236
110,52.15337,21.018318,11,0,0,4,0,0,0,0,0,1,0,0,17893
111,52.203278,20.938628,11,0,0,0,0,0,0,0,0,0,0,0,16670
112,52.183704,21.016134,13,0,2,0,0,0,0,0,0,0,0,0,18744
113,52.174671,20.96199,0,0,0,0,0,0,0,0,0,0,0,0,16670
114,52.107298,21.086361,0,0,0,0,0,0,0,0,0,0,0,0,17893
115,52.193276,21.156944,1,0,0,0,0,0,0,0,0,0,0,0,13526
116,52.146541,21.078232,0,0,0,0,0,0,0,0,0,0,0,0,19236
117,52.189352,20.90937,8,0,0,4,0,0,0,0,0,0,0,0,15296
118,52.152702,20.963067,7,0,0,0,0,0,0,0,0,0,0,0,16670
119,52.219511,20.987542,24,0,2,6,3,1,0,0,0,1,0,0,18673
120,52.183078,20.946668,6,0,0,0,0,0,0,0,0,0,0,0,16670
121,52.206506,21.034112,13,0,1,0,1,0,0,0,0,1,0,1,18744
122,52.160206,20.943504,6,0,0,0,0,0,0,0,0,0,0,0,16670
123,52.202707,20.997698,12,0,1,0,0,0,0,0,0,0,0,1,18744
124,52.202414,20.933773,5,0,1,0,0,0,0,0,0,0,0,0,16670
125,52.147001,21.052519,15,0,1,8,0,0,0,0,0,0,0,0,17893
126,52.208426,21.043161,13,1,2,2,0,1,0,0,0,1,0,0,18744
127,52.160216,20.964572,2,0,0,0,0,0,0,0,0,0,0,0,16670
128,52.214471,21.121755,2,0,0,0,0,0,0,0,0,0,0,0,13526
129,52.15557,21.154108,0,0,0,0,0,0,0,0,0,0,0,0,13526
130,52.197799,21.072378,2,0,0,0,0,0,0,0,0,0,0,0,18744
131,52.210621,21.143577,2,0,0,0,0,0,0,0,0,0,0,0,13526
132,52.147209,21.010915,8,0,1,4,0,0,0,0,0,0,0,0,17893
133,52.213194,21.139645,6,0,0,0,0,0,0,0,0,0,0,0,13526
134,52.151246,21.106707,0,0,0,0,0,0,0,0,0,0,0,0,19236
135,52.197835,20.91897,10,0,0,0,0,0,0,0,0,0,0,0,16670
136,52.181144,20.986026,14,0,0,0,0,0,0,0,0,0,0,0,16670
137,52.118348,21.070509,0,0,0,0,0,0,0,0,0,0,0,0,17893
138,52.161388,21.004296,2,0,0,0,1,0,0,0,0,0,0,0,17893
139,52.179008,21.131776,0,0,0,0,0,0,0,0,0,0,0,0,13526
140,52.146932,21.071066,0,0,0,0,0,0,0,0,0,0,0,0,19236
141,52.190132,21.15801,0,0,0,0,0,0,0,0,0,0,0,0,13526
142,52.184326,21.059296,14,0,2,8,0,0,0,0,0,0,0,0,18744
143,52.217964,20.884914,4,0,1,0,0,0,0,0,0,0,0,0,17378
144,52.139955,21.00153,1,0,0,0,0,0,0,0,0,0,0,0,17893
145,52.200483,21.039688,12,1,1,2,1,0,0,0,0,0,0,0,18744
146,52.174079,21.052469,6,0,2,2,0,0,0,0,0,0,0,0,18744
147,52.206359,21.028567,12,0,1,2,2,0,0,0,0,1,0,1,18744
148,52.147595,21.017765,9,0,2,4,0,0,0,0,0,0,0,0,17893
149,52.111628,21.096137,0,0,0,0,0,0,0,0,0,0,0,0,19236
150,52.108539,21.056962,0,0,0,0,0,0,0,0,0,0,0,0,17893
151,52.193082,20.9207,5,0,0,0,0,0,0,0,0,0,0,0,16670
152,52.205893,21.159294,8,0,1,0,0,0,0,0,0,1,0,0,13526
153,52.197306,20.969838,14,0,0,0,0,0,0,0,0,0,0,0,18673
154,52.195704,21.079799,4,0,0,0,0,0,0,0,0,0,0,0,18744
155,52.199923,20.887756,7,2,0,4,0,0,0,0,0,0,0,0,15296
156,52.165069,21.068393,6,0,0,0,0,0,0,0,0,0,0,0,19236
157,52.145552,21.058048,13,0,2,12,0,0,0,0,0,0,0,0,17893
158,52.207792,20.992268,2,0,0,0,0,0,0,0,0,0,0,0,18744
159,52.199818,21.142386,2,0,0,0,0,0,0,0,0,0,0,0,13526
160,52.105137,21.087321,1,0,0,0,0,0,0,0,0,0,0,0,17893
161,52.117462,21.009176,0,0,0,0,0,0,0,0,0,0,0,0,17893
162,52.172242,21.004184,15,0,4,6,0,0,0,0,0,0,0,0,18744
163,52.214048,21.149319,5,0,1,0,0,0,0,0,0,0,0,0,13526
164,52.181025,20.930785,0,0,0,0,0,0,0,0,0,0,0,0,16670
165,52.218345,21.059929,1,0,0,0,0,0,0,0,0,0,0,0,27976
166,52.190873,20.978068,9,0,0,0,0,0,0,0,0,0,0,0,16670
167,52.164116,21.135251,0,0,0,0,0,0,0,0,0,0,0,0,19236
168,52.202135,21.135819,8,0,0,0,0,0,0,0,0,0,0,0,13526
169,52.186482,20.917973,2,0,0,0,0,0,0,0,0,0,0,0,16670
170,52.21611,20.914059,5,0,0,0,0,0,0,0,0,0,0,0,17378
171,52.208123,20.927234,5,0,0,0,0,0,0,0,0,0,0,0,16670
172,52.119241,21.076941,0,0,0,0,0,0,0,0,0,0,0,0,17893
173,52.135988,21.033198,0,0,0,0,0,0,0,0,0,0,0,0,17893
174,52.166396,21.113583,6,0,0,0,0,0,0,0,0,0,0,0,19236
175,52.11537,21.074685,0,0,0,0,0,0,0,0,0,0,0,0,17893
176,52.195198,21.098674,0,0,0,0,0,0,0,0,0,0,0,0,18744
177,52.133988,21.075298,9,0,1,0,0,0,0,0,0,0,0,0,17893
178,52.111966,21.086773,0,0,0,2,0,0,0,0,0,0,0,0,17893
179,52.187198,20.985599,10,0,0,0,0,0,0,0,0,0,0,0,16670
180,52.12661,21.092464,5,0,0,2,0,0,0,0,0,0,0,0,19236
181,52.109252,20.986418,9,0,0,0,0,0,0,0,0,0,0,0,17893
182,52.125798,20.990066,3,0,0,0,0,0,0,0,0,0,0,0,17893
183,52.210147,21.078737,6,0,0,0,0,0,0,0,0,0,0,0,18744
184,52.218092,21.041605,12,0,0,2,8,0,0,0,0,0,0,0,27976
185,52.134635,21.024128,1,0,0,0,0,0,0,0,0,0,0,0,17893
186,52.19319,20.95025,3,0,0,0,0,0,0,0,0,0,0,0,16670
187,52.134994,20.983899,3,0,0,0,0,0,0,0,0,0,0,0,17893
188,52.102709,21.084327,0,0,0,0,0,0,0,0,0,0,0,0,17893
189,52.18098,21.149449,2,0,0,0,0,0,0,0,0,0,0,0,13526
190,52.19056,21.055728,6,0,1,0,0,0,0,0,0,0,0,0,18744
191,52.184122,21.020279,17,0,3,2,0,0,0,0,0,0,0,0,18744
192,52.188707,21.075434,3,0,0,0,0,0,0,0,0,0,0,0,18744
193,52.129475,21.072914,14,0,1,4,0,0,0,0,0,0,0,0,17893
194,52.209152,20.94663,8,0,0,0,0,0,0,0,0,0,0,0,18673
195,52.190378,21.000882,27,0,1,4,0,0,0,0,0,0,0,0,18744
196,52.209329,20.918673,18,0,1,2,0,0,0,0,0,0,0,0,16670
197,52.133727,21.095683,7,0,0,0,0,0,0,0,0,0,0,0,19236
198,52.149521,21.047196,15,0,2,18,0,0,0,0,0,0,0,0,17893
199,52.139854,21.083331,0,0,0,0,0,0,0,0,0,0,0,0,19236
200,52.204468,20.893635,13,1,0,2,0,0,0,0,0,0,0,0,16670
201,52.175156,20.946897,18,0,0,2,0,0,0,0,0,0,0,0,16670
202,52.219122,21.142694,2,0,0,0,0,0,0,0,0,0,0,0,13526
203,52.142233,21.143373,7,0,0,0,0,0,0,0,0,0,0,0,19236
204,52.157838,21.017057,5,0,0,4,0,0,0,0,0,1,0,0,17893
205,52.2019,20.888571,8,1,0,4,0,0,0,0,0,0,0,0,15296
206,52.214245,20.889429,4,0,1,0,0,0,0,0,0,0,0,0,17378
207,52.182872,20.932106,0,0,0,0,0,0,0,0,0,0,0,0,16670
208,52.16509,21.077927,4,0,2,6,0,0,0,0,0,0,0,0,19236
209,52.165761,20.976597,5,0,0,0,0,0,0,0,0,1,0,0,16670
210,52.199866,21.020862,10,1,2,0,4,2,0,0,0,0,0,0,18744
211,52.201311,21.014583,9,1,1,8,1,2,0,0,0,0,0,0,18744
212,52.189993,21.153333,4,0,0,0,0,0,0,0,0,0,0,0,13526
213,52.194499,20.973112,5,0,1,0,0,0,0,0,0,0,0,0,16670
214,52.193113,20.877366,20,0,0,2,0,0,0,0,0,0,0,0,15296
215,52.170438,21.080361,14,0,1,6,1,0,0,0,0,0,0,0,19236
216,52.12732,21.092228,6,0,0,2,0,0,0,0,0,0,0,0,19236
217,52.190349,21.128155,4,0,0,0,0,1,0,0,0,0,0,0,13526
218,52.162047,21.005045,2,0,0,0,1,0,0,0,0,0,0,0,17893
219,52.204801,21.105568,2,0,0,0,0,0,0,0,0,0,0,0,13526
220,52.210352,20.905366,4,0,0,0,0,0,0,0,0,0,0,0,16670
221,52.179152,20.971573,5,0,0,2,0,0,0,0,0,0,0,0,16670
222,52.148679,21.080996,0,0,0,0,0,0,0,0,0,0,0,0,19236
223,52.194981,21.05996,7,0,1,2,0,0,0,0,0,0,0,0,18744
224,52.214412,21.101236,9,0,0,0,0,0,0,0,0,0,0,0,13526
225,52.143806,21.137039,6,0,0,0,0,0,0,0,0,0,0,0,19236
226,52.171384,21.030559,9,0,1,4,0,0,0,0,0,0,0,0,18744
227,52.166155,21.091043,3,0,0,2,5,0,0,0,0,0,0,0,19236
228,52.197302,20.95753,12,0,0,0,0,0,0,0,0,0,0,0,16670
229,52.127709,21.008052,2,0,0,0,0,0,0,0,0,0,0,0,17893
230,52.215846,21.040532,8,0,0,2,11,0,0,0,0,0,0,0,27976
231,52.180267,21.077143,6,0,0,0,0,0,0,0,0,0,0,0,19236
232,52.17442,20.950313,14,0,0,0,0,0,0,0,0,0,0,0,16670
233,52.186186,21.115966,0,0,0,0,0,0,0,0,0,0,0,0,13526
234,52.135816,21.033857,0,0,0,0,0,0,0,0,0,0,0,0,17893
235,52.198652,20.991368,6,0,0,0,0,0,0,0,0,0,0,0,18744
236,52.1257,21.091077,1,0,0,0,0,0,0,0,0,0,0,0,19236
237,52.190795,21.109448,0,0,0,0,0,0,0,0,0,0,0,0,13526
238,52.16883,21.1533,9,0,0,0,0,0,0,0,0,0,0,0,13526
239,52.19309,21.090716,4,0,0,0,0,0,0,0,0,0,0,0,18744
240,52.129697,21.038782,0,0,0,0,0,0,0,0,0,0,0,0,17893
241,52.138901,21.020232,4,0,1,0,0,0,0,0,0,0,0,0,17893
242,52.172012,20.987559,0,0,0,0,0,0,0,0,0,0,0,0,18744
243,52.17836,20.95647,0,0,0,0,0,0,0,0,0,0,0,0,16670
244,52.19575,20.924839,10,0,0,0,0,0,0,0,0,0,0,0,16670
245,52.182648,21.096161,5,0,0,0,0,0,0,0,0,0,0,0,19236
246,52.219121,20.968028,19,0,0,0,0,0,0,0,0,0,0,0,18673
247,52.162026,21.015806,2,0,0,0,0,0,0,0,0,0,0,0,17893
248,52.200523,20.941267,10,0,0,0,0,0,0,0,0,0,0,0,16670
249,52.204888,21.045493,17,1,3,4,0,1,0,0,0,1,0,0,18744
250,52.154954,21.008081,5,0,0,0,1,0,0,0,0,0,0,0,17893
251,52.149546,21.134105,4,0,0,0,0,0,0,0,0,0,0,0,19236
252,52.156046,21.023382,7,0,1,12,0,0,0,0,0,1,0,0,17893
253,52.215609,21.049619,9,0,0,2,0,0,0,0,0,0,0,0,27976
254,52.203319,21.130378,7,0,0,0,0,0,0,0,0,0,0,0,13526
255,52.121812,20.99803,4,0,0,0,0,0,0,0,0,0,0,0,17893
256,52.17671,20.980673,8,0,0,0,0,0,0,0,0,0,0,0,16670
257,52.215593,21.135862,7,0,0,0,0,0,0,0,0,0,0,0,13526
258,52.174302,21.112737,3,0,0,0,0,0,0,0,0,0,0,0,19236
259,52.217862,20.910422,3,0,0,0,0,0,0,0,0,0,0,0,17378
260,52.12262,21.035219,0,0,0,0,0,0,0,0,0,0,0,0,17893
261,52.189406,21.13856,5,0,0,2,0,0,0,0,0,0,0,0,13526
262,52.165352,21.093531,0,0,0,0,5,0,0,0,0,0,0,0,19236
263,52.197256,20.879484,21,1,0,2,0,0,0,0,0,0,0,0,15296
264,52.176467,20.970255,0,0,0,0,0,0,0,0,0,0,0,0,16670
265,52.142541,20.983787,0,0,0,0,0,0,0,0,0,0,0,0,16670
266,52.199893,21.125804,3,0,0,0,0,0,0,0,0,0,0,0,13526
267,52.152501,21.034546,20,0,5,8,0,0,0,0,0,0,0,0,17893
268,52.124227,21.078802,0,0,0,0,0,0,0,0,0,0,0,0,17893
269,52.113485,21.00674,3,0,0,0,0,0,0,0,0,0,0,0,17893
270,52.214908,20.951395,7,0,2,0,1,0,0,0,0,0,0,0,23697
271,52.178501,20.946708,19,0,0,2,0,0,0,0,0,0,0,0,16670
272,52.135041,21.083429,1,0,0,0,0,0,0,0,0,0,0,0,19236
273,52.124204,21.112683,0,0,0,0,0,0,0,0,0,0,0,0,19236
274,52.154322,21.065615,2,0,0,2,0,0,0,0,0,0,0,0,19236
275,52.197743,20.961757,17,0,0,0,0,0,0,0,0,0,0,0,18673
276,52.205881,20.946284,8,0,0,0,0,0,0,0,0,0,0,0,18673
277,52.16278,21.11123,9,0,0,0,0,0,0,0,0,0,0,0,19236
278,52.201991,21.062552,7,0,0,0,0,0,0,0,0,0,0,0,18744
279,52.157988,21.154763,0,0,0,0,0,0,0,0,0,0,0,0,13526
280,52.155048,21.09667,3,0,0,0,0,0,0,0,0,0,0,0,19236
281,52.111859,20.987466,9,0,0,0,0,0,0,0,0,0,0,0,17893
282,52.210893,20.96769,19,0,1,2,0,0,0,0,0,2,0,0,18673
283,52.216068,21.135534,6,0,0,0,0,0,0,0,0,0,0,0,13526
284,52.208544,21.100601,1,0,0,0,0,0,0,0,0,0,0,0,18744
285,52.197516,20.862309,7,0,0,6,0,0,0,0,0,0,0,0,15296
286,52.188662,20.896552,9,1,1,0,0,0,0,0,0,0,0,0,15296
287,52.201385,21.156164,7,0,0,0,0,0,0,0,0,0,0,0,13526
288,52.205997,20.985142,8,0,0,2,0,0,0,0,0,0,0,0,18673
289,52.210727,21.003128,15,0,1,2,2,0,0,0,0,0,0,0,18673
290,52.15176,21.02058,12,0,0,8,0,0,0,0,0,1,0,0,17893
291,52.205438,21.071493,7,0,0,0,0,0,0,0,0,0,0,0,18744
292,52.194364,20.856536,8,0,0,0,0,0,0,0,0,0,0,0,15296
293,52.135566,21.054165,12,0,1,6,0,0,0,0,0,0,0,0,17893
294,52.199944,20.994197,8,0,1,0,0,0,0,0,0,0,0,1,18744
295,52.16713,21.069125,10,0,1,0,0,0,0,0,0,0,0,0,19236
296,52.185538,20.87152,4,0,0,0,0,0,0,0,0,0,0,0,15296
297,52.166897,21.135629,0,0,0,0,0,0,0,0,0,0,0,0,19236
298,52.184346,21.008509,14,0,1,0,0,1,0,0,0,0,0,0,18744
299,52.218266,21.150977,5,0,0,0,0,0,0,0,0,0,0,0,13526
300,52.19724,21.11849,3,0,0,0,0,0,0,0,0,0,0,0,13526
301,52.202838,21.064278,8,0,0,0,0,0,0,0,0,0,0,0,18744
302,52.19824,20.964386,15,0,0,0,0,0,0,0,0,0,0,0,18673
303,52.169154,20.98931,9,0,0,2,0,0,0,0,0,0,0,0,17893
304,52.164846,21.100895,4,0,0,0,0,0,0,0,0,0,0,0,19236
305,52.127144,20.996417,5,0,0,0,0,0,0,0,0,0,0,0,17893
306,52.168028,21.061711,5,0,0,0,0,0,0,0,0,0,0,0,19236
307,52.13755,21.092092,0,0,0,0,0,0,0,0,0,0,0,0,19236
308,52.218444,20.981157,27,0,3,2,2,1,0,0,0,0,0,0,18673
309,52.179339,21.041792,10,0,0,2,0,0,0,0,0,0,0,0,18744
310,52.193389,21.060381,8,0,1,2,0,0,0,0,0,0,0,0,18744
311,52.155013,21.033214,15,0,5,10,0,0,0,0,0,0,0,0,17893
312,52.186561,21.033681,3,0,0,0,1,0,0,0,0,0,0,0,18744
313,52.148373,20.962932,1,0,0,0,0,0,0,0,0,0,0,0,16670
314,52.200135,20.978615,11,0,4,4,0,0,0,0,0,0,0,0,18673
315,52.202531,21.006966,14,1,3,6,1,0,0,0,0,0,0,1,18744
316,52.169423,21.036956,7,0,1,0,0,0,0,0,0,0,0,0,18744
317,52.152905,21.121595,2,0,0,0,0,0,0,0,0,0,0,0,19236
318,52.152716,21.126937,6,0,0,0,0,0,0,0,0,0,0,0,19236
319,52.111562,21.003292,4,0,0,0,0,0,0,0,0,0,0,0,17893
320,52.150219,21.112718,0,0,0,0,0,0,0,0,0,0,0,0,19236
321,52.173066,21.098363,0,0,0,0,0,0,0,0,0,0,0,0,19236
322,52.1489,21.098308,3,0,0,0,0,0,0,0,0,0,0,0,19236
323,52.174874,20.978451,6,0,0,0,0,0,0,0,0,0,0,0,16670
324,52.204003,21.147682,3,0,0,0,0,0,0,0,0,0,0,0,13526
325,52.171297,21.120358,0,0,0,0,0,0,0,0,0,0,0,0,19236
326,52.192054,21.062504,9,0,1,2,0,0,0,0,0,0,0,0,18744
327,52.167203,20.964756,0,0,0,0,0,0,0,0,0,0,0,0,16670
328,52.194847,21.147284,0,0,0,0,0,0,0,0,0,0,0,0,13526
329,52.10437,20.991781,0,0,0,0,0,0,0,0,0,0,0,0,17893
330,52.182416,21.08283,8,0,0,0,0,0,0,0,0,0,0,0,19236
331,52.190977,21.099713,0,0,0,0,0,0,0,0,0,0,0,0,18744
332,52.179289,21.118207,0,0,0,0,0,0,0,0,0,0,0,0,19236
333,52.182325,20.96491,4,0,0,0,0,0,0,0,0,0,0,0,16670
334,52.165606,21.046244,7,0,1,0,1,0,0,0,0,0,0,0,17893
335,52.13188,21.120698,3,0,0,0,0,0,0,0,0,0,0,0,19236
336,52.126255,21.02132,4,0,0,6,0,0,0,0,0,0,0,0,17893
337,52.159413,21.112074,5,0,0,0,0,0,0,0,0,0,0,0,19236
338,52.177757,21.111012,2,0,0,0,0,0,0,0,0,0,0,0,19236
339,52.203312,20.906103,4,0,0,0,0,0,0,0,0,0,0,0,16670
340,52.168194,20.990638,9,0,0,2,0,0,0,0,0,0,0,0,17893
341,52.11489,21.055483,0,0,0,0,0,0,0,0,0,0,0,0,17893
342,52.183227,20.923688,1,0,0,0,0,0,0,0,0,0,0,0,16670
343,52.149613,21.070888,0,0,0,0,0,0,0,0,0,0,0,0,19236
344,52.146464,21.037019,18,0,4,12,0,0,0,0,0,0,0,0,17893
345,52.114922,21.104337,3,0,0,0,0,0,0,0,0,0,0,0,19236
346,52.184706,21.059293,13,0,2,8,0,0,0,0,0,0,0,0,18744
347,52.211034,21.001222,9,0,1,2,2,0,0,0,0,0,0,0,18673
348,52.167337,20.967987,2,0,0,0,0,0,0,0,0,1,0,0,16670
349,52.200299,20.864996,9,0,0,6,0,0,0,0,0,0,0,0,15296
350,52.187905,20.892811,7,1,1,10,0,0,0,0,0,1,0,0,15296
351,52.212619,21.108984,10,0,0,0,0,0,0,0,0,0,0,0,13526
352,52.133714,21.024971,1,0,0,2,0,0,0,0,0,0,0,0,17893
353,52.138576,21.091978,0,0,0,0,0,0,0,0,0,0,0,0,19236
354,52.191688,20.896012,12,0,1,0,0,0,0,0,0,1,0,0,15296
355,52.177227,20.979414,8,0,0,0,0,0,0,0,0,0,0,0,16670
356,52.219801,21.084085,8,0,1,0,0,0,0,0,0,0,0,0,18264
357,52.189805,20.932746,0,0,0,0,0,0,0,0,0,0,0,0,16670
358,52.215129,20.934434,1,0,0,0,0,0,0,0,0,0,0,0,23697
359,52.165334,21.068061,6,0,0,0,0,0,0,0,0,0,0,0,19236
360,52.129565,21.021326,4,0,0,4,0,0,0,0,0,0,0,0,17893
361,52.145792,21.149888,2,0,0,0,0,0,0,0,0,0,0,0,19236
362,52.216639,20.932525,1,0,0,0,0,0,0,0,0,0,0,0,23697
363,52.138684,20.989651,0,0,0,0,0,0,0,0,0,0,0,0,17893
364,52.173865,20.986284,4,0,0,0,0,0,0,0,0,0,0,0,16670
365,52.130128,21.049481,2,0,0,0,0,0,0,0,0,0,0,0,17893
366,52.145275,21.025449,9,0,1,0,0,0,0,0,0,0,0,0,17893
367,52.206535,20.91145,12,0,1,2,0,0,0,0,0,1,0,0,16670
368,52.125039,21.042148,0,0,0,0,0,0,0,0,0,0,0,0,17893
369,52.129309,21.071273,16,0,1,6,0,0,0,0,0,0,0,0,17893
370,52.186687,21.13863,7,0,0,6,0,0,0,0,0,0,0,0,13526
371,52.141368,21.102546,0,0,0,0,0,0,0,0,0,0,0,0,19236
372,52.178698,20.971135,4,0,0,2,0,0,0,0,0,0,0,0,16670
373,52.168205,21.001549,11,0,1,4,0,0,0,0,0,0,0,0,17893
374,52.183671,21.142692,3,0,0,6,0,0,0,0,0,0,0,0,13526
375,52.126508,21.007787,2,0,0,0,0,0,0,0,0,0,0,0,17893
376,52.177983,20.965663,0,0,0,0,0,0,0,0,0,0,0,0,16670
377,52.178493,21.150744,7,0,0,0,0,0,0,0,0,0,0,0,13526
378,52.20202,21.108796,2,0,0,0,0,0,0,0,0,0,0,0,13526
379,52.204194,20.931112,4,0,1,0,0,0,0,0,0,0,0,0,16670
380,52.214185,21.130921,8,0,0,0,0,0,0,0,0,0,0,0,13526
381,52.152092,21.119711,0,0,0,0,0,0,0,0,0,0,0,0,19236
382,52.131937,21.039852,0,0,0,0,0,0,0,0,0,0,0,0,17893
383,52.153789,20.971113,3,0,0,0,0,0,0,0,0,0,0,0,16670
384,52.16592,20.985338,3,0,0,0,0,0,0,0,0,0,0,0,16670
385,52.159697,20.960145,4,0,0,0,0,0,0,0,0,0,0,0,16670
386,52.139021,21.065361,15,0,1,4,0,0,0,0,0,0,0,0,17893
387,52.201204,21.027809,10,1,2,2,3,0,0,0,0,0,0,0,18744
388,52.205972,21.028569,13,0,1,2,2,0,0,0,0,1,0,1,18744
389,52.133571,21.016807,2,0,0,4,0,0,0,0,0,0,0,0,17893
390,52.210048,21.097817,0,0,0,0,0,0,0,0,0,0,0,0,18744
391,52.178991,20.976251,9,0,1,2,0,0,0,0,0,0,0,0,16670
392,52.148274,21.136263,7,0,0,0,0,0,0,0,0,0,0,0,19236
393,52.130198,20.980399,9,0,0,0,0,0,0,0,0,0,0,0,17893
394,52.217475,21.132525,6,0,0,0,0,0,0,0,0,0,0,0,13526
395,52.118517,21.029579,0,0,0,0,0,0,0,0,0,0,0,0,17893
396,52.11853,21.067366,0,0,0,0,0,0,0,0,0,0,0,0,17893
397,52.211375,21.129529,6,0,0,0,0,0,0,0,0,0,0,0,13526
398,52.119019,21.04585,0,0,0,0,0,0,0,0,0,0,0,0,17893
399,52.11995,21.113282,0,0,0,0,0,0,0,0,0,0,0,0,19236
400,52.204847,20.949187,8,0,0,0,0,0,0,0,0,0,0,0,18673
401,52.102816,21.082896,0,0,0,0,0,0,0,0,0,0,0,0,17893
402,52.135441,21.094009,1,0,0,0,0,0,0,0,0,0,0,0,19236
403,52.148223,21.149775,0,0,0,0,0,0,0,0,0,0,0,0,19236
404,52.15136,21.078093,0,0,0,0,0,0,0,0,0,0,0,0,19236
405,52.193709,20.985868,11,1,1,0,0,0,0,0,0,0,0,0,18744
406,52.206034,20.976836,19,0,2,8,0,0,0,0,0,0,0,0,18673
407,52.218831,20.994701,11,0,1,0,1,1,0,0,0,1,0,0,18673
408,52.13301,20.984338,7,0,0,0,0,0,0,0,0,0,0,0,17893
409,52.117088,21.057221,0,0,0,0,0,0,0,0,0,0,0,0,17893
410,52.173271,20.953546,0,0,0,0,0,0,0,0,0,0,0,0,16670
411,52.154204,21.0159,9,0,0,4,0,0,0,0,0,1,0,0,17893
412,52.185032,21.034127,2,0,0,0,0,0,0,0,0,0,0,0,18744
413,52.127569,21.104258,8,0,0,4,0,0,0,0,0,0,0,0,19236
414,52.218374,20.977978,30,0,3,0,2,1,0,0,0,0,0,0,18673
415,52.129465,20.994734,3,0,0,0,0,0,0,0,0,0,0,0,17893
416,52.212,20.893696,6,0,0,0,0,0,0,0,0,0,0,0,17378
417,52.218853,20.879007,5,0,0,0,0,0,0,0,0,0,0,0,17378
418,52.183169,20.960934,5,0,0,0,0,0,0,0,0,1,0,0,16670
419,52.174592,20.976594,4,0,0,0,0,0,0,0,0,0,0,0,16670
420,52.187044,21.142669,6,0,0,6,0,0,0,0,0,0,0,0,13526
421,52.125913,20.992735,5,0,0,0,0,0,0,0,0,0,0,0,17893
422,52.185756,20.957536,13,0,0,2,0,0,0,0,0,1,0,0,16670
423,52.121545,21.114917,0,0,0,0,0,0,0,0,0,0,0,0,19236
424,52.219125,21.112199,4,0,0,0,0,0,0,0,0,0,0,0,13526
425,52.185209,21.052264,14,0,0,8,0,0,0,0,0,0,0,0,18744
426,52.196802,21.093524,2,0,0,0,0,0,0,0,0,0,0,0,18744
427,52.115186,21.039761,0,0,0,0,0,0,0,0,0,0,0,0,17893
428,52.146809,21.002733,0,0,0,0,0,0,0,0,0,0,0,0,17893
429,52.190123,21.095359,2,0,0,0,0,0,0,0,0,0,0,0,18744
430,52.19317,20.892533,14,0,2,2,0,0,0,0,0,1,0,0,15296
431,52.19317,20.886009,25,1,1,2,0,0,0,0,0,1,0,0,15296
432,52.175475,21.030007,12,0,1,6,0,0,0,0,0,0,0,0,18744
433,52.154489,21.051192,18,0,2,4,0,0,0,0,0,0,0,0,17893
434,52.120684,21.076336,0,0,0,0,0,0,0,0,0,0,0,0,17893
435,52.151465,21.149841,0,0,0,0,0,0,0,0,0,0,0,0,19236
436,52.177076,21.007909,14,0,0,2,1,0,0,0,0,0,0,0,18744
437,52.137936,21.062941,17,0,1,4,0,0,0,0,0,0,0,0,17893
438,52.21254,21.053572,6,0,1,2,1,0,0,0,0,0,0,0,18744
439,52.195412,20.98375,12,0,3,0,0,0,0,0,0,0,0,0,18744
440,52.218796,21.109454,5,0,0,0,0,0,0,0,0,0,0,0,13526
441,52.165001,21.066751,5,0,0,0,0,0,0,0,0,0,0,0,19236
442,52.214089,20.995522,5,0,0,0,1,0,0,0,0,0,0,0,18673
443,52.163451,21.015141,4,0,0,0,0,0,0,0,0,0,0,0,17893
444,52.177201,20.935175,0,0,0,0,0,0,0,0,0,0,0,0,16670
445,52.182775,20.925144,1,0,0,0,0,0,0,0,0,0,0,0,16670
446,52.209417,20.933908,0,0,0,0,0,0,0,0,0,0,0,0,16670
447,52.20244,20.962867,10,0,2,0,0,0,0,0,0,0,0,0,18673
448,52.205284,20.955627,2,0,0,2,1,0,0,0,0,0,0,0,18673
449,52.167465,20.996103,8,0,0,2,0,0,0,0,0,0,0,0,17893
450,52.185993,20.951966,7,0,0,0,0,0,0,0,0,1,0,0,16670
451,52.13059,21.035169,0,0,0,0,0,0,0,0,0,0,0,0,17893
452,52.202948,21.139618,3,0,0,0,0,0,0,0,0,0,0,0,13526
453,52.15242,21.060743,6,0,0,0,0,0,0,0,0,0,0,0,17893
454,52.215631,20.975624,20,0,3,0,1,1,0,0,0,0,0,0,18673
455,52.144425,21.080764,0,0,0,0,0,0,0,0,0,0,0,0,19236
456,52.179255,20.928563,0,0,0,0,0,0,0,0,0,0,0,0,16670
457,52.113016,21.100628,0,0,0,0,0,0,0,0,0,0,0,0,19236
458,52.18838,21.019858,25,0,1,4,1,0,0,0,0,0,0,0,18744
459,52.186396,20.918632,1,0,0,0,0,0,0,0,0,0,0,0,16670
460,52.116956,21.048799,0,0,0,0,0,0,0,0,0,0,0,0,17893
461,52.115541,21.061884,0,0,0,0,0,0,0,0,0,0,0,0,17893
462,52.144986,21.14567,6,0,0,0,0,0,0,0,0,0,0,0,19236
463,52.17549,21.12197,0,0,0,0,0,0,0,0,0,0,0,0,19236
464,52.205512,21.075434,7,0,0,0,0,0,0,0,0,0,0,0,18744
465,52.191555,21.02826,13,0,0,2,2,0,0,0,0,1,0,0,18744
466,52.116449,20.991162,0,0,0,0,0,0,0,0,0,0,0,0,17893
467,52.162711,20.967731,0,0,0,0,0,0,0,0,0,0,0,0,16670
468,52.19418,21.071217,3,0,0,0,0,0,0,0,0,0,0,0,18744
469,52.106745,21.077701,0,0,0,0,0,0,0,0,0,0,0,0,17893
470,52.200171,21.142522,4,0,0,0,0,0,0,0,0,0,0,0,13526
471,52.130288,21.050414,3,0,0,0,0,0,0,0,0,0,0,0,17893
472,52.173407,21.06491,10,0,0,4,0,0,0,0,0,0,0,0,19236
473,52.196465,20.855462,2,0,0,0,0,0,0,0,0,0,0,0,15296
474,52.112671,20.985532,5,0,0,0,0,0,0,0,0,0,0,0,17893
475,52.176204,20.959987,0,0,0,0,0,0,0,0,0,0,0,0,16670
476,52.218968,20.94049,3,0,0,0,0,0,0,0,0,0,0,0,23697
477,52.128657,21.123274,2,0,0,0,0,0,0,0,0,0,0,0,19236
478,52.155292,21.047506,17,0,1,4,0,0,0,0,0,0,0,0,17893
479,52.14547,21.090691,2,0,0,0,0,0,0,0,0,0,0,0,19236
480,52.10975,20.98933,9,0,0,0,0,0,0,0,0,0,0,0,17893
481,52.182949,21.05081,16,0,1,6,0,0,0,0,0,0,0,0,18744
482,52.180659,21.003132,21,0,1,0,1,0,0,0,0,0,0,0,18744
483,52.197746,21.075895,4,0,0,0,0,0,0,0,0,0,0,0,18744
484,52.118886,21.001966,2,0,0,0,0,0,0,0,0,0,0,0,17893
485,52.16681,20.926609,4,0,0,0,0,0,0,0,0,0,0,0,16670
486,52.217761,21.058286,0,0,0,0,0,0,0,0,0,0,0,0,27976
487,52.17563,21.063497,7,0,0,4,0,0,0,0,0,0,0,0,18744
488,52.139641,21.105774,0,0,0,0,0,0,0,0,0,0,0,0,19236
489,52.198721,21.130714,9,0,0,0,0,0,0,0,0,0,0,0,13526
490,52.210505,21.01173,12,0,0,8,1,0,0,0,0,1,0,0,18744
491,52.1361,21.002435,0,0,0,0,0,0,0,0,0,0,0,0,17893
492,52.196973,21.142417,6,0,0,0,0,0,0,0,0,0,0,0,13526
493,52.12319,21.095113,7,0,0,0,0,0,0,0,0,0,0,0,19236
494,52.11649,21.043221,0,0,0,0,0,0,0,0,0,0,0,0,17893
495,52.154261,21.079276,7,0,0,0,0,0,0,0,0,0,0,0,19236
496,52.122083,21.055093,0,0,0,0,0,0,0,0,0,0,0,0,17893
497,52.209121,20.874037,3,0,0,0,0,0,0,0,0,0,0,0,15296
498,52.194701,21.003053,12,0,0,4,0,0,0,0,0,0,0,0,18744
499,52.126943,21.056318,1,0,0,6,0,0,0,0,0,0,0,0,17893
500,52.135444,20.997169,0,0,0,0,0,0,0,0,0,0,0,0,17893
501,52.197616,20.894721,15,1,1,4,0,0,0,0,0,0,0,0,15296
502,52.206777,20.857244,3,0,0,0,0,0,0,0,0,0,0,0,15296
503,52.17217,21.012935,15,0,2,2,0,0,0,0,0,0,0,0,18744
504,52.182512,20.980525,13,0,1,2,0,0,0,0,0,0,0,0,16670
505,52.176103,21.122429,0,0,0,0,0,0,0,0,0,0,0,0,19236
506,52.146563,21.084372,0,0,0,0,0,0,0,0,0,0,0,0,19236
507,52.202231,21.005929,15,0,2,8,0,0,0,0,0,0,0,1,18744
508,52.149396,21.068137,0,0,0,0,0,0,0,0,0,0,0,0,19236
509,52.106466,21.060928,0,0,0,0,0,0,0,0,0,0,0,0,17893
510,52.123059,21.123229,0,0,0,0,0,0,0,0,0,0,0,0,19236
511,52.129506,21.089287,6,0,0,0,0,0,0,0,0,0,0,0,19236
512,52.189046,21.145855,8,0,0,4,0,0,0,0,0,0,0,0,13526
513,52.2159,20.984364,25,0,2,0,2,2,0,0,0,1,0,0,18673
514,52.187791,21.062671,8,0,2,4,0,0,0,0,0,0,0,0,18744
515,52.137548,21.045348,4,0,0,8,0,0,0,0,0,0,0,0,17893
516,52.147162,21.05556,16,0,1,10,0,0,0,0,0,0,0,0,17893
517,52.16712,21.089225,10,0,0,2,5,0,0,0,0,0,0,0,19236
518,52.157695,21.155709,0,0,0,0,0,0,0,0,0,0,0,0,13526
519,52.135735,21.023265,2,0,0,0,0,0,0,0,0,0,0,0,17893
520,52.215823,20.885791,5,0,1,0,0,0,0,0,0,0,0,0,17378
521,52.150349,21.080761,0,0,0,0,0,0,0,0,0,0,0,0,19236
522,52.172539,20.932,5,0,0,0,0,0,0,0,0,0,0,0,16670
523,52.139207,21.12368,0,0,0,0,0,0,0,0,0,0,0,0,19236
524,52.157904,21.038617,18,0,3,6,0,0,0,0,0,0,0,0,17893
525,52.214011,21.020208,17,0,1,6,9,2,0,0,0,0,0,0,27976
526,52.211224,21.114771,6,0,0,0,0,0,0,0,0,0,0,0,13526
527,52.119051,21.09562,8,0,0,6,1,0,0,0,0,0,0,0,19236
528,52.201783,20.887754,6,1,0,4,0,0,0,0,0,0,0,0,15296
529,52.179075,21.032073,5,0,0,2,0,0,0,0,0,0,0,0,18744
530,52.209551,20.972259,21,0,3,6,0,0,0,0,0,2,0,0,18673
531,52.148504,21.031682,14,0,0,4,0,0,0,0,0,0,0,0,17893
532,52.192555,20.868531,18,1,0,6,0,0,0,0,0,0,0,0,15296
533,52.126264,21.034346,0,0,0,0,0,0,0,0,0,0,0,0,17893
534,52.192147,21.050319,18,0,0,0,0,0,0,0,0,0,0,0,18744
535,52.212243,20.911698,6,0,0,2,0,0,0,0,0,0,0,0,16670
536,52.170755,21.118744,0,0,0,0,0,0,0,0,0,0,0,0,19236
537,52.190293,21.010274,18,0,2,8,0,0,0,0,0,1,0,0,18744
538,52.173394,21.057131,9,0,2,4,0,0,0,0,0,0,0,0,18744
539,52.12712,21.09692,13,0,0,4,0,0,0,0,0,0,0,0,19236
540,52.111114,20.998246,8,0,0,0,0,0,0,0,0,0,0,0,17893
541,52.173947,21.069878,5,0,1,2,0,0,0,0,0,0,0,0,19236
542,52.188875,21.0428,14,0,0,2,0,0,0,0,0,0,0,0,18744
543,52.210901,20.877896,1,0,0,0,0,0,0,0,0,0,0,0,17378
544,52.139154,21.029156,4,0,1,0,0,0,0,0,0,0,0,0,17893
545,52.203737,20.872662,11,0,0,4,0,0,0,0,0,0,0,0,15296
546,52.200746,20.973106,10,0,1,0,0,0,0,0,0,0,0,0,18673
547,52.139439,21.005197,1,0,0,0,0,0,0,0,0,0,0,0,17893
548,52.20299,21.033858,15,1,2,0,1,0,0,0,0,1,0,1,18744
549,52.176149,21.038159,10,0,0,4,0,0,0,0,0,0,0,0,18744
550,52.1576,20.948693,4,0,0,0,0,0,0,0,0,0,0,0,16670
551,52.203576,21.092654,0,0,0,0,0,0,0,0,0,0,0,0,18744
552,52.180869,21.015232,11,0,1,0,0,0,0,0,0,1,0,0,18744
553,52.166748,21.13499,0,0,0,0,0,0,0,0,0,0,0,0,19236
554,52.160146,21.07444,10,0,0,0,1,0,0,0,0,0,0,0,19236
555,52.126121,21.106069,7,0,0,2,0,0,0,0,0,0,0,0,19236
556,52.186902,21.088985,4,0,0,0,0,0,0,0,0,0,0,0,18744
557,52.164796,21.043467,8,0,1,0,1,0,0,0,0,0,0,0,17893
558,52.193266,20.940465,7,0,0,0,0,0,0,0,0,0,0,0,16670
559,52.184219,20.952488,7,0,0,0,0,0,0,0,0,1,0,0,16670
560,52.149808,21.095679,5,0,0,0,0,0,0,0,0,0,0,0,19236
561,52.12646,21.042803,0,0,0,0,0,0,0,0,0,0,0,0,17893
562,52.20315,20.991447,4,0,1,0,0,0,0,0,0,0,0,0,18744
563,52.200466,21.020856,10,1,2,6,4,2,0,0,0,0,0,0,18744
564,52.14306,21.115482,0,0,0,0,0,0,0,0,0,0,0,0,19236
565,52.142411,21.108012,0,0,0,0,0,0,0,0,0,0,0,0,19236
566,52.164512,21.03749,8,0,0,4,0,0,0,0,0,0,0,0,17893
567,52.204562,21.120259,1,0,0,0,0,0,0,0,0,0,0,0,13526
568,52.206597,21.155772,3,0,0,0,0,0,0,0,0,0,0,0,13526
569,52.199683,21.006456,18,1,1,10,0,0,0,0,0,0,0,0,18744
570,52.153527,21.027751,10,0,3,12,0,0,0,0,0,0,0,0,17893
571,52.104845,21.007529,0,0,0,0,0,0,0,0,0,0,0,0,17893
572,52.121287,21.039991,0,0,0,0,0,0,0,0,0,0,0,0,17893
573,52.179744,20.950086,6,0,0,0,0,0,0,0,0,0,0,0,16670
574,52.198101,21.016889,9,1,0,4,2,0,0,0,0,0,0,0,18744
575,52.169014,21.054618,3,0,1,0,0,0,0,0,0,0,0,0,19236
576,52.16459,21.034043,11,0,0,8,0,0,0,0,0,0,0,0,17893
577,52.216236,21.00527,15,0,0,0,2,0,0,0,0,0,0,0,18673
578,52.198969,20.869818,12,0,0,6,0,0,0,0,0,0,0,0,15296
579,52.135783,21.007467,0,0,0,0,0,0,0,0,0,0,0,0,17893
580,52.214104,20.947326,6,0,1,0,0,0,0,0,0,0,0,0,18673
581,52.180328,20.957332,1,0,0,0,0,0,0,0,0,0,0,0,16670
582,52.196548,21.114908,3,0,0,0,0,0,0,0,0,0,0,0,13526
583,52.106271,21.009291,2,0,0,0,0,0,0,0,0,0,0,0,17893
584,52.166941,20.961508,0,0,0,0,0,0,0,0,0,0,0,0,16670
585,52.146793,21.151083,0,0,0,0,0,0,0,0,0,0,0,0,19236
586,52.210103,21.159082,8,0,0,0,0,0,0,0,0,1,0,0,13526
587,52.131147,21.047401,0,0,0,0,0,0,0,0,0,0,0,0,17893
588,52.184311,20.931456,0,0,0,0,0,0,0,0,0,0,0,0,16670
589,52.189359,21.129486,3,0,0,0,0,1,0,0,0,0,0,0,13526
590,52.129392,21.016161,4,0,0,4,0,0,0,0,0,0,0,0,17893
591,52.137728,21.104342,0,0,0,0,0,0,0,0,0,0,0,0,19236
592,52.213013,20.913415,6,0,0,2,0,0,0,0,0,0,0,0,16670
593,52.175263,21.106561,4,0,0,0,0,0,0,0,0,0,0,0,19236
594,52.207801,20.944624,7,0,0,0,0,0,0,0,0,0,0,0,18673
595,52.174913,20.946156,17,0,0,2,0,0,0,0,0,0,0,0,16670
596,52.203822,20.975072,18,0,4,6,0,0,0,0,0,0,0,0,18673
597,52.215982,20.959412,7,0,1,0,2,0,0,0,0,0,0,0,18673
598,52.11821,21.068162,0,0,0,0,0,0,0,0,0,0,0,0,17893
599,52.209109,21.114578,5,0,0,0,0,0,0,0,0,0,0,0,13526
600,52.204871,21.122466,0,0,0,0,0,0,0,0,0,0,0,0,13526
601,52.127545,21.019582,4,0,0,6,0,0,0,0,0,0,0,0,17893
602,52.214844,20.908428,4,0,0,0,0,0,0,0,0,0,0,0,17378
603,52.149091,21.007311,0,0,0,0,0,0,0,0,0,0,0,0,17893
604,52.128012,21.032202,0,0,0,0,0,0,0,0,0,0,0,0,17893
605,52.196825,21.101754,0,0,0,0,0,0,0,0,0,0,0,0,18744
606,52.139021,21.120061,0,0,0,0,0,0,0,0,0,0,0,0,19236
607,52.167483,20.926531,3,0,0,0,0,0,0,0,0,0,0,0,16670
608,52.197246,21.125564,1,0,0,0,0,0,0,0,0,0,0,0,13526
609,52.213426,21.120303,2,0,0,0,0,0,0,0,0,0,0,0,13526
610,52.194305,20.856824,8,0,0,0,0,0,0,0,0,0,0,0,15296
611,52.162852,20.981147,0,0,0,0,0,0,0,0,0,0,0,0,16670
612,52.126877,21.008028,2,0,0,0,0,0,0,0,0,0,0,0,17893
613,52.193447,20.940229,7,0,0,0,0,0,0,0,0,0,0,0,16670
614,52.126366,21.061584,1,0,0,6,0,0,0,0,0,0,0,0,17893
615,52.124481,21.124035,0,0,0,0,0,0,0,0,0,0,0,0,19236
616,52.183196,20.896772,11,0,0,2,0,0,0,0,0,0,0,0,15296
617,52.200502,20.993902,7,0,1,0,0,0,0,0,0,0,0,1,18744
618,52.197398,21.148714,3,0,0,0,0,0,0,0,0,0,0,0,13526
619,52.206559,20.871564,5,0,0,0,0,0,0,0,0,0,0,0,15296
620,52.130918,21.01744,4,0,0,4,0,0,0,0,0,0,0,0,17893
621,52.192914,20.943598,6,0,0,0,0,0,0,0,0,0,0,0,16670
622,52.204027,20.979571,15,0,1,8,0,0,0,0,0,0,0,0,18673
623,52.127226,21.031747,0,0,0,0,0,0,0,0,0,0,0,0,17893
624,52.216991,20.936641,0,0,0,0,0,0,0,0,0,0,0,0,23697
625,52.207985,20.878247,2,0,0,0,0,0,0,0,0,0,0,0,15296
626,52.199758,21.136153,11,0,0,0,0,0,0,0,0,0,0,0,13526
627,52.205246,21.025897,16,0,1,4,3,3,0,0,0,1,0,0,18744
628,52.207824,21.087043,3,0,0,0,0,0,0,0,0,0,0,0,18744
629,52.204001,21.023913,10,0,2,10,3,3,0,0,0,0,0,0,18744
630,52.183899,21.079427,6,0,0,0,0,0,0,0,0,0,0,0,18744
631,52.187561,20.885103,10,1,1,10,0,0,0,0,0,1,0,0,15296
632,52.166936,21.148702,0,0,0,0,0,0,0,0,0,0,0,0,13526
633,52.133093,21.136766,2,0,0,0,0,0,0,0,0,0,0,0,19236
634,52.179331,20.969062,2,0,0,0,0,0,0,0,0,0,0,0,16670
635,52.20231,21.081284,6,0,0,0,0,0,0,0,0,0,0,0,18744
636,52.195933,20.995213,10,1,0,0,0,0,0,0,0,0,0,0,18744
637,52.180318,21.105554,4,0,0,0,0,0,0,0,0,0,0,0,19236
638,52.205602,20.861701,8,0,0,0,0,0,0,0,0,0,0,0,15296
639,52.218491,20.952391,0,0,0,0,0,0,0,0,0,0,0,0,23697
640,52.159844,21.094834,5,0,0,0,0,0,0,0,0,0,0,0,19236
641,52.200528,21.132026,8,0,0,0,0,0,0,0,0,0,0,0,13526
642,52.20219,20.920095,11,0,1,0,0,0,0,0,0,1,0,0,16670
643,52.165774,21.111516,9,0,0,0,0,0,0,0,0,0,0,0,19236
644,52.148703,20.99456,1,0,0,0,0,0,0,0,0,0,0,0,17893
645,52.200007,20.999235,13,0,2,6,0,0,0,0,0,0,0,1,18744
646,52.216301,20.914171,4,0,0,0,0,0,0,0,0,0,0,0,17378
647,52.205904,21.065226,7,0,0,0,0,0,0,0,0,0,0,0,18744
648,52.176432,21.157362,3,0,0,0,0,0,0,0,0,0,0,0,13526
649,52.215059,21.116279,5,0,0,0,0,0,0,0,0,0,0,0,13526
650,52.133945,21.011026,0,0,0,0,0,0,0,0,0,0,0,0,17893
651,52.194239,20.944878,6,0,0,0,0,0,0,0,0,0,0,0,16670
652,52.205064,21.050219,12,1,4,4,0,0,0,0,0,0,0,0,18744
653,52.183296,21.040486,2,0,0,2,0,0,0,0,0,0,0,0,18744
654,52.183144,20.875538,2,0,0,0,0,0,0,0,0,0,0,0,15296
655,52.136371,21.056803,13,0,1,2,0,0,0,0,0,0,0,0,17893
656,52.166921,21.147259,0,0,0,0,0,0,0,0,0,0,0,0,13526
657,52.130581,21.001363,0,0,0,0,0,0,0,0,0,0,0,0,17893
658,52.19131,21.142805,6,0,0,2,0,0,0,0,0,0,0,0,13526
659,52.197212,20.882661,21,1,0,2,0,0,0,0,0,0,0,0,15296
660,52.155195,21.050449,16,0,2,4,0,0,0,0,0,0,0,0,17893
661,52.212761,21.122514,2,0,0,0,0,0,0,0,0,0,0,0,13526
662,52.202694,20.984314,11,0,2,4,0,0,0,0,0,0,0,0,18673
663,52.163505,21.136931,0,0,0,0,0,0,0,0,0,0,0,0,19236
664,52.21788,21.095339,7,0,0,0,0,0,0,0,0,0,0,0,18264
665,52.159477,21.096068,5,0,0,0,0,0,0,0,0,0,0,0,19236
666,52.183731,21.092771,8,0,0,0,0,0,0,0,0,0,0,0,18744
667,52.154839,21.019521,10,0,0,10,0,0,0,0,0,1,0,0,17893
668,52.200114,20.859682,2,0,0,2,0,0,0,0,0,0,0,0,15296
669,52.18676,21.080315,6,0,0,0,0,0,0,0,0,0,0,0,18744
670,52.183175,20.946174,6,0,0,0,0,0,0,0,0,0,0,0,16670
671,52.198033,20.873349,16,0,0,8,0,0,0,0,0,0,0,0,15296
672,52.145846,20.980627,0,0,0,0,0,0,0,0,0,0,0,0,16670
673,52.151378,21.150017,0,0,0,0,0,0,0,0,0,0,0,0,19236
674,52.168063,21.095957,0,0,0,0,1,0,0,0,0,0,0,0,19236
675,52.198457,21.112208,3,0,0,0,0,0,0,0,0,0,0,0,13526
676,52.159226,21.12273,4,0,0,0,0,0,0,0,0,0,0,0,19236
677,52.186794,21.066383,7,0,2,2,0,0,0,0,0,0,0,0,18744
678,52.184214,21.125716,4,0,0,0,0,0,0,0,0,0,0,0,13526
679,52.168901,21.098742,0,0,0,0,0,0,0,0,0,0,0,0,19236
680,52.173611,21.107388,4,0,0,0,0,0,0,0,0,0,0,0,19236
681,52.182757,20.890891,7,1,0,10,0,0,0,0,0,0,0,0,15296
682,52.201414,20.988789,9,0,1,0,0,0,0,0,0,0,0,0,18744
683,52.161417,20.939402,4,0,0,0,0,0,0,0,0,0,0,0,16670
684,52.123808,21.008775,6,0,0,0,0,0,0,0,0,0,0,0,17893
685,52.171803,20.958521,0,0,0,0,0,0,0,0,0,0,0,0,16670
686,52.199108,21.017762,11,2,1,2,2,1,0,0,0,0,0,0,18744
687,52.18586,20.964268,6,0,0,2,0,0,0,0,0,0,0,0,16670
688,52.197335,20.958638,13,0,0,0,0,0,0,0,0,0,0,0,16670
689,52.197537,21.003445,14,0,1,6,0,0,0,0,0,0,0,0,18744
690,52.207043,20.889297,11,0,0,0,0,0,0,0,0,0,0,0,16670
691,52.123582,21.057506,0,0,0,0,0,0,0,0,0,0,0,0,17893
692,52.2182,20.960383,13,0,0,0,1,0,0,0,0,0,0,0,18673
693,52.20407,21.157622,6,0,1,0,0,0,0,0,0,0,0,0,13526
694,52.212848,21.147041,4,0,0,0,0,0,0,0,0,0,0,0,13526
695,52.169279,20.943341,3,0,0,0,0,0,0,0,0,0,0,0,16670
696,52.18716,21.045087,12,0,0,2,0,0,0,0,0,0,0,0,18744
697,52.159338,21.07651,11,0,0,0,1,0,0,0,0,0,0,0,19236
698,52.17138,20.98918,1,0,0,0,0,0,0,0,0,0,0,0,18744
699,52.116904,21.007178,0,0,0,0,0,0,0,0,0,0,0,0,17893
700,52.150349,21.036617,17,0,2,12,0,0,0,0,0,0,0,0,17893
701,52.163445,21.121844,3,0,0,0,0,0,0,0,0,0,0,0,19236
702,52.205208,21.015647,10,0,2,18,2,3,0,0,0,1,0,1,18744
703,52.181964,21.147771,3,0,0,4,0,0,0,0,0,0,0,0,13526
704,52.181919,21.136259,5,0,0,0,0,0,0,0,0,0,0,0,13526
705,52.191061,20.929293,2,0,0,0,0,0,0,0,0,0,0,0,16670
706,52.204552,21.027203,18,0,2,4,2,0,0,0,0,1,0,0,18744
707,52.165473,21.026283,8,0,0,8,0,0,0,0,0,0,0,0,17893
708,52.141255,21.052819,15,0,2,8,0,0,0,0,0,0,0,0,17893
709,52.126214,21.081361,1,0,0,0,0,0,0,0,0,0,0,0,17893
710,52.203269,20.961958,6,0,2,0,0,0,0,0,0,0,0,0,18673
711,52.148774,21.009246,4,0,0,4,0,0,0,0,0,0,0,0,17893
712,52.192276,21.090485,4,0,0,0,0,0,0,0,0,0,0,0,18744
713,52.159895,21.007564,3,0,0,0,1,0,0,0,0,0,0,0,17893
714,52.177323,21.124574,0,0,0,0,0,0,0,0,0,0,0,0,13526
715,52.107617,21.090614,1,0,0,0,0,0,0,0,0,0,0,0,17893
716,52.166392,21.138117,0,0,0,0,0,0,0,0,0,0,0,0,19236
717,52.214925,20.990536,10,0,0,0,1,1,0,0,0,0,0,0,18673
718,52.197793,21.117024,3,0,0,0,0,0,0,0,0,0,0,0,13526
719,52.211628,21.072366,6,0,0,0,0,0,0,0,0,0,0,0,18744
720,52.105618,21.069896,0,0,0,0,0,0,0,0,0,0,0,0,17893
721,52.181508,21.076276,9,0,0,2,0,0,0,0,0,0,0,0,18744
722,52.214074,20.928294,3,0,0,0,0,0,0,0,0,0,0,0,23697
723,52.21556,21.015707,24,0,2,10,8,3,0,0,0,0,0,0,27976
724,52.210202,20.919914,14,0,0,2,0,0,0,0,0,0,0,0,16670
725,52.16143,20.945592,4,0,0,0,0,0,0,0,0,0,0,0,16670
726,52.191052,20.981751,10,0,0,0,0,0,0,0,0,0,0,0,16670
727,52.141973,21.079098,0,0,0,0,1,0,0,0,0,0,0,0,19236
728,52.201954,21.098729,0,0,0,0,0,0,0,0,0,0,0,0,18744
729,52.163648,21.066074,6,0,0,0,0,0,0,0,0,0,0,0,19236
730,52.219947,21.08716,9,0,1,0,0,0,0,0,0,0,0,0,18264
731,52.204555,21.028057,19,0,1,2,2,0,0,0,0,1,0,1,18744
732,52.186932,21.09978,5,0,0,0,0,0,0,0,0,0,0,0,19236
733,52.213704,21.101607,6,0,0,0,0,0,0,0,0,0,0,0,13526
734,52.136032,21.035167,0,0,0,0,0,0,0,0,0,0,0,0,17893
735,52.141758,21.104968,0,0,0,0,0,0,0,0,0,0,0,0,19236
736,52.21137,21.105792,8,0,0,0,0,0,0,0,0,0,0,0,13526
737,52.167752,21.072992,10,0,3,0,0,0,0,0,0,0,0,0,19236
738,52.18825,20.98155,7,0,0,0,0,0,0,0,0,0,0,0,16670
739,52.2199,21.047517,7,0,0,2,2,0,0,0,0,0,0,0,27976
740,52.212047,21.077365,4,0,0,0,0,0,0,0,0,0,0,0,18744
741,52.147398,21.08722,3,0,0,0,0,0,0,0,0,0,0,0,19236
742,52.151987,21.048628,16,0,1,10,0,0,0,0,0,0,0,0,17893
743,52.179655,21.013454,10,0,1,0,0,0,0,0,0,1,0,0,18744
744,52.16894,20.950672,0,0,0,0,0,0,0,0,0,0,0,0,16670
745,52.184361,20.986916,17,0,0,0,0,0,0,0,0,0,0,0,18744
746,52.185545,21.056823,14,0,1,8,0,0,0,0,0,0,0,0,18744
747,52.191413,21.11257,0,0,0,0,0,0,0,0,0,0,0,0,13526
748,52.147645,21.086278,0,0,0,0,0,0,0,0,0,0,0,0,19236
749,52.158614,21.004175,6,0,0,0,1,0,0,0,0,0,0,0,17893
750,52.195036,20.87991,24,1,0,2,0,0,0,0,0,0,0,0,15296
751,52.105295,20.986951,0,0,0,0,0,0,0,0,0,0,0,0,17893
752,52.189863,21.078647,4,0,0,0,0,0,0,0,0,0,0,0,18744
753,52.138943,21.061273,17,0,2,8,0,0,0,0,0,0,0,0,17893
754,52.135635,20.989538,0,0,0,0,0,0,0,0,0,0,0,0,17893
755,52.176235,21.097219,2,0,0,0,0,0,0,0,0,0,0,0,19236
756,52.193143,21.022898,19,0,1,2,2,0,0,0,0,1,0,0,18744
757,52.145268,21.074818,0,0,0,0,0,0,0,0,0,0,0,0,19236
758,52.128929,21.076668,5,0,0,4,0,0,0,0,0,0,0,0,17893
759,52.154234,21.115924,0,0,0,0,0,0,0,0,0,0,0,0,19236
760,52.186034,21.089334,6,0,0,0,0,0,0,0,0,0,0,0,18744
761,52.187254,20.869987,8,1,0,0,0,0,0,0,0,0,0,0,15296
762,52.160878,21.142542,0,0,0,0,0,0,0,0,0,0,0,0,19236
763,52.120768,21.049856,0,0,0,0,0,0,0,0,0,0,0,0,17893
764,52.121585,21.015133,5,0,0,0,0,0,0,0,0,0,0,0,17893
765,52.179908,21.006991,19,0,1,0,1,0,0,0,0,0,0,0,18744
766,52.123909,20.990793,2,0,0,0,0,0,0,0,0,0,0,0,17893
767,52.207592,20.89539,10,0,0,0,0,0,0,0,0,0,0,0,16670
768,52.189762,21.018552,26,0,2,6,1,0,0,0,0,0,0,0,18744
769,52.149883,21.027717,10,0,1,4,0,0,0,0,0,0,0,0,17893
770,52.163045,21.049142,10,0,1,0,1,0,0,0,0,0,0,0,17893
771,52.214189,21.032377,2,0,0,0,22,0,0,0,0,0,0,0,27976
772,52.147608,21.13188,5,0,0,0,0,0,0,0,0,0,0,0,19236
773,52.148497,20.983486,0,0,0,0,0,0,0,0,0,0,0,0,16670
774,52.19914,21.076665,5,0,0,0,0,0,0,0,0,0,0,0,18744
775,52.166451,21.01839,6,0,0,0,0,0,0,0,0,0,0,0,18744
776,52.181512,20.994361,24,0,1,0,0,0,0,0,0,0,0,0,18744
777,52.186421,21.126545,4,0,0,0,0,0,0,0,0,0,0,0,13526
778,52.136028,20.989958,0,0,0,0,0,0,0,0,0,0,0,0,17893
779,52.20603,20.874984,8,0,0,0,0,0,0,0,0,0,0,0,15296
780,52.207318,21.055646,5,0,1,4,1,0,0,0,0,0,0,0,18744
781,52.208534,21.09729,0,0,0,0,0,0,0,0,0,0,0,0,18744
782,52.184016,21.129069,5,0,0,0,0,0,0,0,0,0,0,0,13526
783,52.110004,20.996109,7,0,0,0,0,0,0,0,0,0,0,0,17893
784,52.121927,21.044762,0,0,0,0,0,0,0,0,0,0,0,0,17893
785,52.128108,20.989327,5,0,0,0,0,0,0,0,0,0,0,0,17893
786,52.176351,21.150361,7,0,0,0,0,0,0,0,0,0,0,0,13526
787,52.209399,21.051314,12,1,3,4,1,1,0,0,0,0,0,0,18744
788,52.196865,21.001237,13,0,1,6,0,0,0,0,0,0,0,0,18744
789,52.137485,21.099546,0,0,0,0,0,0,0,0,0,0,0,0,19236
790,52.202861,21.146631,3,0,0,0,0,0,0,0,0,0,0,0,13526
791,52.144296,20.985483,0,0,0,0,0,0,0,0,0,0,0,0,16670
792,52.200032,21.140078,8,0,0,0,0,0,0,0,0,0,0,0,13526
793,52.142175,21.034775,13,0,1,2,0,0,0,0,0,0,0,0,17893
794,52.158875,21.051601,15,0,1,0,0,0,0,0,0,0,0,0,17893
795,52.158897,21.148745,0,0,0,0,0,0,0,0,0,0,0,0,13526
796,52.211826,20.922988,6,0,0,0,0,0,0,0,0,0,0,0,23697
797,52.210126,20.939493,1,0,0,0,0,0,0,0,0,0,0,0,18673
798,52.144499,21.044764,18,0,2,14,0,0,0,0,0,0,0,0,17893
799,52.159219,20.970436,0,0,0,0,0,0,0,0,0,0,0,0,16670
800,52.153232,21.082799,0,0,0,0,0,0,0,0,0,0,0,0,19236
801,52.168241,21.091175,6,0,0,2,5,0,0,0,0,0,0,0,19236
802,52.15051,21.14322,0,0,0,0,0,0,0,0,0,0,0,0,19236
803,52.173421,21.047367,11,0,1,2,0,0,0,0,0,0,0,0,18744
804,52.163749,21.129553,0,0,0,0,0,0,0,0,0,0,0,0,19236
805,52.163309,20.939415,2,0,0,0,0,0,0,0,0,0,0,0,16670
806,52.152317,21.106219,0,0,0,0,0,0,0,0,0,0,0,0,19236
807,52.142189,21.027272,10,0,1,0,0,0,0,0,0,0,0,0,17893
808,52.21259,21.095543,2,0,0,0,0,0,0,0,0,0,0,0,18744
809,52.18886,21.011341,17,0,3,8,0,0,0,0,0,1,0,0,18744
810,52.143767,20.998391,0,0,0,0,0,0,0,0,0,0,0,0,17893
811,52.206075,20.879735,4,0,0,0,0,0,0,0,0,0,0,0,15296
812,52.16775,20.965103,0,0,0,0,0,0,0,0,0,0,0,0,16670
813,52.154165,21.049102,19,0,2,4,0,0,0,0,0,0,0,0,17893
814,52.179359,20.943103,19,0,0,2,0,0,0,0,0,0,0,0,16670
815,52.126011,21.100652,14,0,0,4,0,0,0,0,0,0,0,0,19236
816,52.165947,21.035539,6,0,0,6,0,0,0,0,0,0,0,0,17893
817,52.12515,21.105264,8,0,0,2,0,0,0,0,0,0,0,0,19236
818,52.181273,21.131457,3,0,0,0,0,0,0,0,0,0,0,0,13526
819,52.139611,21.033985,7,0,0,0,0,0,0,0,0,0,0,0,17893
820,52.130898,21.137521,4,0,0,0,0,0,0,0,0,0,0,0,19236
821,52.184015,20.954715,9,0,0,0,0,0,0,0,0,1,0,0,16670
822,52.203783,20.972318,16,0,3,2,0,0,0,0,0,0,0,0,18673
823,52.19773,20.981722,14,0,4,2,0,0,0,0,0,0,0,0,18673
824,52.208138,20.93207,2,0,0,0,0,0,0,0,0,0,0,0,16670
825,52.194032,21.073057,4,0,0,0,0,0,0,0,0,0,0,0,18744
826,52.194165,20.91267,6,0,0,2,0,0,0,0,0,0,0,0,16670
827,52.147112,21.014825,11,0,2,4,0,0,0,0,0,0,0,0,17893
828,52.186648,21.102086,4,0,0,0,0,0,0,0,0,0,0,0,19236
829,52.165673,21.142178,0,0,0,0,0,0,0,0,0,0,0,0,13526
830,52.103703,21.077968,0,0,0,0,0,0,0,0,0,0,0,0,17893
831,52.18669,21.074607,4,0,0,0,0,0,0,0,0,0,0,0,18744
832,52.153273,21.063232,4,0,0,2,0,0,0,0,0,0,0,0,19236
833,52.214433,21.071587,4,0,0,0,0,0,0,0,0,0,0,0,18744
834,52.165437,20.96069,0,0,0,0,0,0,0,0,0,0,0,0,16670
835,52.156507,21.045574,13,0,2,6,0,0,0,0,0,0,0,0,17893
836,52.184162,20.895292,9,1,0,6,0,0,0,0,0,0,0,0,15296
837,52.170262,21.028277,8,0,1,4,0,0,0,0,0,0,0,0,18744
838,52.166882,20.980867,8,0,0,0,0,0,0,0,0,0,0,0,16670
839,52.183104,20.868836,2,0,0,0,0,0,0,0,0,0,0,0,15296
840,52.206305,20.927787,7,0,1,0,0,0,0,0,0,0,0,0,16670
841,52.115736,20.993646,0,0,0,0,0,0,0,0,0,0,0,0,17893
842,52.216442,20.941253,0,0,0,0,0,0,0,0,0,0,0,0,23697
843,52.167071,20.969242,3,0,0,0,0,0,0,0,0,1,0,0,16670
844,52.112109,21.027361,0,0,0,0,0,0,0,0,0,0,0,0,17893
845,52.10483,20.997042,0,0,0,0,0,0,0,0,0,0,0,0,17893
846,52.191206,20.921032,0,0,0,0,0,0,0,0,0,0,0,0,16670
847,52.216915,20.99845,11,0,0,0,0,0,0,0,0,0,0,0,18673
848,52.168315,21.10674,5,0,0,0,0,0,0,0,0,0,0,0,19236
849,52.20845,20.884223,5,0,0,0,0,0,0,0,0,0,0,0,16670
850,52.203896,20.867746,11,0,0,4,0,0,0,0,0,0,0,0,15296
851,52.189489,21.097656,3,0,0,0,0,0,0,0,0,0,0,0,18744
852,52.148933,20.96478,2,0,0,0,0,0,0,0,0,0,0,0,16670
853,52.202027,21.065361,7,0,0,0,0,0,0,0,0,0,0,0,18744
854,52.218944,20.996757,10,0,0,0,1,0,0,0,0,0,0,0,18673
855,52.200574,21.146042,4,0,0,0,0,0,0,0,0,0,0,0,13526
856,52.182774,20.956202,9,0,0,0,0,0,0,0,0,1,0,0,16670
857,52.161502,21.074014,9,0,0,0,1,0,0,0,0,0,0,0,19236
858,52.122166,20.995466,4,0,0,0,0,0,0,0,0,0,0,0,17893
859,52.181935,20.937241,0,0,0,0,0,0,0,0,0,0,0,0,16670
860,52.201931,20.96489,10,0,2,0,0,0,0,0,0,0,0,0,18673
861,52.107907,21.082998,0,0,0,0,0,0,0,0,0,0,0,0,17893
862,52.206716,21.074599,5,0,0,0,0,0,0,0,0,0,0,0,18744
863,52.186041,20.905711,12,0,0,2,0,0,0,0,0,0,0,0,15296
864,52.207823,20.913047,12,0,1,2,0,0,0,0,0,1,0,0,16670
865,52.130101,21.119431,2,0,0,0,0,0,0,0,0,0,0,0,19236
866,52.155064,21.010457,7,0,0,0,1,0,0,0,0,0,0,0,17893
867,52.194738,20.873052,15,1,0,6,0,0,0,0,0,0,0,0,15296
868,52.124235,21.104669,11,0,0,2,0,0,0,0,0,0,0,0,19236
869,52.204365,21.090996,0,0,0,0,0,0,0,0,0,0,0,0,18744
870,52.144438,21.136177,6,0,0,0,0,0,0,0,0,0,0,0,19236
871,52.147372,20.970973,0,0,0,0,0,0,0,0,0,0,0,0,16670
872,52.125651,21.0132,7,0,0,0,0,0,0,0,0,0,0,0,17893
873,52.185876,21.030618,7,0,0,0,1,0,0,0,0,0,0,0,18744
874,52.199176,20.912862,6,0,0,0,0,0,0,0,0,0,0,0,16670
875,52.208936,21.015821,8,0,2,16,2,1,0,0,0,1,0,0,18744
876,52.207346,21.060222,4,0,0,0,0,0,0,0,0,0,0,0,18744
877,52.15923,21.000319,6,0,0,2,0,0,0,0,0,0,0,0,17893
878,52.213264,20.977064,18,0,2,0,1,1,0,0,0,2,0,0,18673
879,52.213832,21.003957,14,0,0,0,1,0,0,0,0,0,0,0,18673
880,52.170511,21.158012,10,0,0,0,0,0,0,0,0,0,0,0,13526
881,52.195035,21.112853,0,0,0,0,0,0,0,0,0,0,0,0,13526
882,52.164175,21.149582,0,0,0,0,0,0,0,0,0,0,0,0,13526
883,52.200841,21.108688,1,0,0,0,0,0,0,0,0,0,0,0,13526
884,52.125908,21.013191,6,0,0,0,0,0,0,0,0,0,0,0,17893
885,52.155418,21.154933,0,0,0,0,0,0,0,0,0,0,0,0,13526
886,52.161692,20.982276,1,0,0,0,0,0,0,0,0,0,0,0,16670
887,52.105728,21.014791,3,0,0,0,0,0,0,0,0,0,0,0,17893
888,52.152274,20.963195,6,0,0,0,0,0,0,0,0,0,0,0,16670
889,52.110075,21.005593,6,0,0,0,0,0,0,0,0,0,0,0,17893
890,52.211412,21.039101,0,0,0,0,8,1,0,0,0,1,0,0,27976
891,52.178295,21.133031,2,0,0,0,0,0,0,0,0,0,0,0,13526
892,52.138338,21.037211,4,0,0,0,0,0,0,0,0,0,0,0,17893
893,52.217059,20.937122,0,0,0,0,0,0,0,0,0,0,0,0,23697
894,52.114708,21.014272,7,0,0,0,0,0,0,0,0,0,0,0,17893
895,52.173324,21.068016,10,0,1,2,0,0,0,0,0,0,0,0,19236
896,52.180371,21.146506,4,0,0,0,0,0,0,0,0,0,0,0,13526
897,52.158224,20.959935,4,0,0,0,0,0,0,0,0,0,0,0,16670
898,52.19744,21.122316,3,0,0,0,0,0,0,0,0,0,0,0,13526
899,52.129153,21.040703,0,0,0,0,0,0,0,0,0,0,0,0,17893
900,52.134519,21.005691,0,0,0,0,0,0,0,0,0,0,0,0,17893
901,52.149554,21.017026,11,0,1,4,0,0,0,0,0,0,0,0,17893
902,52.188872,20.970592,1,0,0,0,0,0,0,0,0,0,0,0,16670
903,52.2021,20.860473,4,0,0,2,0,0,0,0,0,0,0,0,15296
904,52.188358,20.857753,10,0,0,0,0,0,0,0,0,0,0,0,15296
905,52.193426,20.901297,13,0,1,2,0,0,0,0,0,0,0,0,15296
906,52.189433,21.131164,2,0,0,0,0,0,0,0,0,0,0,0,13526
907,52.132142,21.017748,3,0,0,4,0,0,0,0,0,0,0,0,17893
908,52.137141,21.036882,2,0,0,0,0,0,0,0,0,0,0,0,17893
909,52.207514,20.96684,18,0,4,2,0,0,0,0,0,0,0,0,18673
910,52.179805,21.015357,10,0,1,0,0,0,0,0,0,1,0,0,18744
911,52.153779,21.049077,18,0,2,4,0,0,0,0,0,0,0,0,17893
912,52.135392,21.12665,2,0,0,0,0,0,0,0,0,0,0,0,19236
913,52.186188,21.133286,5,0,0,0,0,0,0,0,0,0,0,0,13526
914,52.129483,21.038153,0,0,0,0,0,0,0,0,0,0,0,0,17893
915,52.199947,20.882562,12,1,0,2,0,0,0,0,0,0,0,0,15296
916,52.203731,20.878583,7,0,0,0,0,0,0,0,0,0,0,0,15296
917,52.162291,21.085947,7,0,0,6,4,0,0,0,0,0,0,0,19236
918,52.130338,21.096346,10,0,0,2,0,0,0,0,0,0,0,0,19236
919,52.18649,20.99567,30,0,1,2,0,0,0,0,0,0,0,0,18744
920,52.106359,21.021814,3,0,0,0,0,0,0,0,0,0,0,0,17893
921,52.167032,21.020567,8,0,0,0,0,0,0,0,0,0,0,0,18744
922,52.155451,20.982878,2,0,0,0,0,0,0,0,0,0,0,0,16670
923,52.127972,20.981586,8,0,0,0,0,0,0,0,0,0,0,0,17893
924,52.1498,21.053649,18,0,0,4,0,0,0,0,0,0,0,0,17893
925,52.209161,21.132773,4,0,0,0,0,0,0,0,0,0,0,0,13526
926,52.171363,21.098333,0,0,0,0,0,0,0,0,0,0,0,0,19236
927,52.165478,21.095805,0,0,0,0,2,0,0,0,0,0,0,0,19236
928,52.20708,20.898184,9,0,0,0,0,0,0,0,0,0,0,0,16670
929,52.112321,21.005768,4,0,0,0,0,0,0,0,0,0,0,0,17893
930,52.159467,20.994384,10,0,0,2,0,0,0,0,0,0,0,0,17893
931,52.199311,21.109129,0,0,0,0,0,0,0,0,0,0,0,0,13526
932,52.211919,20.991735,5,0,0,0,1,0,0,0,0,0,0,0,18673
933,52.216006,20.956773,10,0,1,0,2,0,0,0,0,0,0,0,23697
934,52.187279,20.947001,1,0,0,0,0,0,0,0,0,0,0,0,16670
935,52.21755,21.110414,6,0,0,0,0,0,0,0,0,0,0,0,13526
936,52.116224,21.052754,0,0,0,0,0,0,0,0,0,0,0,0,17893
937,52.166071,21.123227,0,0,0,0,0,0,0,0,0,0,0,0,19236
938,52.205856,21.095081,0,0,0,0,0,0,0,0,0,0,0,0,18744
939,52.142198,21.068141,8,0,1,4,1,0,0,0,0,0,0,0,17893
940,52.143853,21.133489,4,0,0,0,0,0,0,0,0,0,0,0,19236
941,52.142109,20.985618,0,0,0,0,0,0,0,0,0,0,0,0,16670
942,52.192721,20.894017,13,0,2,2,0,0,0,0,0,1,0,0,15296
943,52.165328,21.156702,6,0,0,0,0,0,0,0,0,0,0,0,13526
944,52.200117,21.066517,6,0,0,0,0,0,0,0,0,0,0,0,18744
945,52.175568,20.949873,18,0,0,2,0,0,0,0,0,0,0,0,16670
946,52.147215,21.096294,3,0,0,0,0,0,0,0,0,0,0,0,19236
947,52.200994,21.131233,7,0,0,0,0,0,0,0,0,0,0,0,13526
948,52.16525,20.981048,3,0,0,0,0,0,0,0,0,0,0,0,16670
949,52.126971,21.101804,12,0,0,4,0,0,0,0,0,0,0,0,19236
950,52.168742,21.013734,10,0,1,2,0,0,0,0,0,0,0,0,18744
951,52.208525,20.95112,8,0,1,2,1,0,0,0,0,0,0,0,18673
952,52.17782,20.942799,19,0,0,2,0,0,0,0,0,0,0,0,16670
953,52.170037,21.057837,4,0,1,0,0,0,0,0,0,0,0,0,18744
954,52.204068,21.084594,3,0,0,0,0,0,0,0,0,0,0,0,18744
955,52.156155,21.106724,0,0,0,0,0,0,0,0,0,0,0,0,19236
956,52.186666,21.151364,5,0,0,0,0,0,0,0,0,0,0,0,13526
957,52.197366,21.049288,9,1,0,0,0,0,0,0,0,0,0,0,18744
958,52.192039,20.962168,16,0,0,4,0,0,0,0,0,0,1,0,16670
959,52.208567,20.895563,8,0,0,0,0,0,0,0,0,0,0,0,16670
960,52.178716,21.006424,11,0,0,0,1,0,0,0,0,0,0,0,18744
961,52.167519,21.114739,3,0,0,0,0,0,0,0,0,0,0,0,19236
962,52.174122,20.992707,8,0,0,0,0,0,0,0,0,0,0,0,18744
963,52.202491,21.007743,11,1,3,8,1,0,0,0,0,0,0,1,18744
964,52.131607,21.008196,0,0,0,0,0,0,0,0,0,0,0,0,17893
965,52.190973,21.117239,2,0,0,0,0,1,0,0,0,0,0,0,13526
966,52.20525,20.998856,13,0,2,2,0,0,0,0,0,0,0,1,18744
967,52.124818,21.094372,8,0,0,0,0,0,0,0,0,0,0,0,19236
968,52.145492,21.075184,0,0,0,0,0,0,0,0,0,0,0,0,19236
969,52.198365,21.117697,3,0,0,0,0,0,0,0,0,0,0,0,13526
970,52.21534,20.919794,2,0,0,0,0,0,0,0,0,0,0,0,23697
971,52.137483,21.075736,4,0,0,0,1,0,0,0,0,0,0,0,19236
972,52.170495,20.940099,4,0,0,0,0,0,0,0,0,0,0,0,16670
973,52.148295,21.088648,4,0,0,0,0,0,0,0,0,0,0,0,19236
974,52.201161,21.158659,5,0,1,0,0,0,0,0,0,0,0,0,13526
975,52.178333,21.157566,2,0,0,0,0,0,0,0,0,0,0,0,13526
976,52.154238,21.12443,4,0,0,0,0,0,0,0,0,0,0,0,19236
977,52.130459,20.988102,4,0,0,0,0,0,0,0,0,0,0,0,17893
978,52.142519,20.984996,0,0,0,0,0,0,0,0,0,0,0,0,16670
979,52.163232,21.064756,4,0,0,0,0,0,0,0,0,0,0,0,19236
980,52.184167,21.137975,5,0,0,6,0,0,0,0,0,0,0,0,13526
981,52.184905,21.009277,14,0,1,0,0,1,0,0,0,0,0,0,18744
982,52.179609,20.91262,5,0,0,0,0,0,0,0,0,0,0,0,16670
983,52.157925,21.138253,0,0,0,0,0,0,0,0,0,0,0,0,19236
984,52.103905,20.989044,0,0,0,0,0,0,0,0,0,0,0,0,17893
985,52.147069,21.154674,0,0,0,0,0,0,0,0,0,0,0,0,19236
986,52.151683,21.138674,3,0,0,0,0,0,0,0,0,0,0,0,19236
987,52.150742,21.021687,10,0,1,4,0,0,0,0,0,1,0,0,17893
988,52.157416,21.00948,6,0,0,0,1,0,0,0,0,0,0,0,17893
989,52.18088,21.015026,11,0,1,0,0,0,0,0,0,1,0,0,18744
990,52.187411,21.129233,4,0,0,0,0,0,0,0,0,0,0,0,13526
991,52.172828,21.135625,0,0,0,0,1,0,0,0,0,0,0,0,13526
992,52.192576,20.995468,15,1,1,2,0,0,0,0,0,0,0,0,18744
993,52.177233,21.111596,3,0,0,0,0,0,0,0,0,0,0,0,19236
994,52.181658,21.143329,5,0,0,4,0,0,0,0,0,0,0,0,13526
995,52.167821,20.997747,10,0,0,2,0,0,0,0,0,0,0,0,17893
996,52.160036,21.103031,6,0,0,0,0,0,0,0,0,0,0,0,19236
997,52.162007,20.93591,6,0,0,0,0,0,0,0,0,0,0,0,16670
998,52.199665,21.150739,4,0,0,0,0,0,0,0,0,0,0,0,13526
999,52.158841,21.112387,4,0,0,0,0,0,0,0,0,0,0,0,19236
